{
  "format_version": "1.10.0",
  "animation_controllers": {
    "controller.animation.compass": {
      "states": {
        "normal": {
          "transitions": [
            {
              "onhand": "query.get_equipped_item_name \u003d\u003d \u0027cooked_beef\u0027"
            }
          ],
          "on_entry": [
            "/function tp0"
          ]
        },
        "onhand": {
          "transitions": [
            {
              "normal": "!(query.get_equipped_item_name \u003d\u003d \u0027cooked_beef\u0027)"
            },
            {
              "touch": "variable.attack_time"
            },
            {
              "using": "query.is_using_item"
            }
          ],
          "on_entry": [
            "/function tp0"
          ]
        },
        "touch": {
          "transitions": [
            {
              "normal": "!(query.get_equipped_item_name \u003d\u003d \u0027cooked_beef\u0027)"
            },
            {
              "onhand": "!(variable.attack_time)"
            }
          ],
          "on_entry": [
            "/function uptp",
            "/function execute",
            "/function tp1"
          ]
        },
        "using": {
          "transitions": [
            {
              "normal": "!(query.get_equipped_item_name \u003d\u003d \u0027cooked_beef\u0027)"
            },
            {
              "onhand": "!(query.is_using_item)"
            }
          ],
          "on_entry": [
            "/function uptp",
            "/function execute",
            "/function tp1"
          ]
        }
      }
    }
  }
}